Datetime,Open,High,Low,Close,Volume,Dividends,Stock Splits,SMA,EMA,RSI,ATR,MACD,MACD_Signal,MACD_Histogram,BollingerB_Lower,BollingerB_Upper
2024-11-17 08:44:00+00:00,90796.1953125,90796.1953125,90796.1953125,90796.1953125,8036352,0.0,0.0,90674.259375,90633.02072684877,81.80923167535265,35.39329787604706,19.080219981551636,-6.442955197019425,25.523175178571062,90475.42355198973,90724.24129176028
2024-11-17 08:45:00+00:00,90762.15625,90762.15625,90762.15625,90762.15625,21123072,0.0,0.0,90703.015625,90645.31934810127,71.6114030435289,35.28809979695549,26.834488901571603,0.21253362269878096,26.62195527887282,90467.82408127881,90751.52513747118
2024-11-17 08:46:00+00:00,90755.234375,90755.234375,90755.234375,90755.234375,16138240,0.0,0.0,90732.296875,90655.78744590115,69.55445510433347,33.098280175142996,32.05179231296643,6.58038536075231,25.471406952214117,90467.33208443213,90772.39525931788
2024-11-17 08:48:00+00:00,90800.1875,90800.1875,90800.1875,90800.1875,83419136,0.0,0.0,90766.25,90669.5398320058,74.99611644578123,34.00820222185916,39.36016487388406,13.136341263378661,26.2238236105054,90465.06669848948,90800.02783276053
2024-11-17 08:50:00+00:00,90792.65625,90792.65625,90792.65625,90792.65625,33144832,0.0,0.0,90781.2859375,90681.26520514811,72.46456129930229,31.98672393349594,44.03676542874018,19.316426096450968,24.720339332289214,90469.18147764669,90820.92477235332
2024-11-17 08:51:00+00:00,90805.578125,90805.578125,90805.578125,90805.578125,3989504,0.0,0.0,90783.1625,90693.10453084829,74.20736920043163,30.538275778617802,48.22973007509427,25.099086892179628,23.13064318291464,90475.71988790181,90840.67464334819
2024-11-17 08:52:00+00:00,90815.7265625,90815.7265625,90815.7265625,90815.7265625,421888,0.0,0.0,90793.8765625,90704.78281957703,75.62117797392628,28.99617257767273,51.774751748744166,30.434219863492537,21.34053188525163,90485.55470329137,90858.34373420863
2024-11-17 08:54:00+00:00,90991.5390625,90991.5390625,90991.5390625,90991.5390625,21897216,0.0,0.0,90841.1375,90732.09293795064,88.43443086126726,40.05356595067318,67.98709349591809,37.94479458997765,30.04229890594044,90464.20726593773,90920.33023406228
2024-11-17 08:55:00+00:00,91020.15625,91020.15625,91020.15625,91020.15625,45481984,0.0,0.0,90885.13125,90759.5275390982,89.48402240277643,39.195575270744826,82.19714152009692,46.7952639760015,35.40187754409542,90451.2561556456,90977.14150060438
2024-11-17 08:56:00+00:00,91044.7109375,91044.7109375,91044.7109375,91044.7109375,88821760,0.0,0.0,90935.5421875,90786.68786275551,90.35979958864569,38.10110681342848,94.35242895761621,56.306696972324445,38.045731985291766,90443.56369687732,91030.03942812268
2024-11-17 08:57:00+00:00,90983.96875,90983.96875,90983.96875,90983.96875,2502656,0.0,0.0,90971.2203125,90805.47651868356,72.85015724509023,39.78801352760991,97.9550303236756,64.63636364259469,33.31866668108091,90445.68643888262,91062.43387361737
2024-11-17 08:58:00+00:00,91022.78125,91022.78125,91022.78125,91022.78125,339968,0.0,0.0,91012.63125,90826.17220738037,76.27703742000834,39.71555449115309,102.75743845578108,72.26057860523197,30.496859850549114,90453.43590086393,91096.43909913607
2024-11-17 09:00:00+00:00,90978.28125,90978.28125,90978.28125,90978.28125,27725824,0.0,0.0,91009.9796875,90840.65878286795,65.2589358585714,40.06992307214349,101.7991264401353,78.16828817221264,23.630838267922655,90476.1540738805,91114.28498861949
2024-11-17 09:01:00+00:00,91001.234375,91001.234375,91001.234375,91001.234375,2002944,0.0,0.0,91006.1953125,90855.95169640433,68.03727556379509,38.805472481364774,101.71922669636842,82.8784758770438,18.840750819324626,90505.09109157274,91129.33390842724
2024-11-17 09:03:00+00:00,91135.15625,91135.15625,91135.15625,91135.15625,0,0.0,0.0,91024.284375,90882.54260627058,79.3037893663612,45.81477682815479,111.18066021111736,88.53891274385852,22.64174746725884,90527.62658844492,91164.14606780506
2024-11-17 09:06:00+00:00,91289.5546875,91289.5546875,91289.5546875,91289.5546875,47300608,0.0,0.0,91085.4015625,90921.30566162577,85.96024936211928,53.79843913006715,129.64313264904195,96.75975672489521,32.88337592414673,90521.18944956892,91235.83242543109
2024-11-17 09:07:00+00:00,91280.9765625,91280.9765625,91280.9765625,91280.9765625,13176832,0.0,0.0,91137.040625,90955.5600331376,84.20481072201159,50.480552471618054,141.94632321837707,105.79707002359159,36.14925319478549,90534.61341438536,91288.66861686466
2024-11-17 09:08:00+00:00,91326.6328125,91326.6328125,91326.6328125,91326.6328125,100835328,0.0,0.0,91206.7109375,90990.90029783879,85.98234509574083,50.12727212821018,153.6100471890095,115.35966545667517,38.25038173233432,90556.24888986665,91338.81361013335
2024-11-17 09:09:00+00:00,91375.5078125,91375.5078125,91375.5078125,91375.5078125,12468224,0.0,0.0,91281.565625,91027.52958494939,87.70972581375925,50.03573394015061,164.89661101570528,125.2670545684812,39.629556447224076,90579.72817899213,91389.84291475789
2024-11-17 09:10:00+00:00,91414.5625,91414.5625,91414.5625,91414.5625,19718144,0.0,0.0,91337.446875,91064.38986257325,88.97614997084654,49.2343824578633,174.9756704409956,135.2087777429841,39.7668926980115,90593.18584799483,91446.09383950518
2024-11-17 09:12:00+00:00,91328.4765625,91328.4765625,91328.4765625,91328.4765625,126521344,0.0,0.0,91345.23125,91089.54097685199,70.33763821778103,51.9195022675108,174.01109041305608,142.9692402769985,31.041850136057576,90612.52552435058,91479.98228814942
2024-11-17 09:14:00+00:00,91306.0625,91306.0625,91306.0625,91306.0625,56467456,0.0,0.0,91350.2484375,91110.16207429465,66.12970023037352,49.77272313274506,169.484316568778,148.27225553535442,21.212061033423595,90646.22588769572,91500.67254980428
2024-11-17 09:15:00+00:00,91232.578125,91232.578125,91232.578125,91232.578125,8953856,0.0,0.0,91331.4375,91121.8207457904,53.81540922783593,51.495661630440964,158.14425225695595,150.24665487967474,7.897597377281215,90691.04867624333,91503.58413625667
2024-11-17 09:17:00+00:00,91237.984375,91237.984375,91237.984375,91237.984375,63430656,0.0,0.0,91303.9328125,91132.88394857227,54.541969065972,48.1508339924619,147.8886405909143,149.77505202192265,-1.886411431008355,90732.63518860539,91505.77731139462
2024-11-17 09:18:00+00:00,91281.4375,91281.4375,91281.4375,91281.4375,655360,0.0,0.0,91277.3078125,91147.03190585111,60.38579078965099,47.810298694246505,141.634622726182,148.14696616277453,-6.512343436592545,90781.72691064738,91505.56371435261
2024-11-17 09:19:00+00:00,91309.3046875,91309.3046875,91309.3046875,91309.3046875,15265792,0.0,0.0,91273.4734375,91162.48645648433,63.86173320415531,46.36616181744912,137.34370490934816,145.98631391208926,-8.642609002741096,90835.54760837306,91502.11567287693
2024-11-17 09:20:00+00:00,91296.1953125,91296.1953125,91296.1953125,91296.1953125,82026496,0.0,0.0,91271.5,91175.22063324772,60.92765502033418,43.960312122593564,131.37094217639242,143.0632395649499,-11.692297388557478,90897.76626827275,91487.94388797724
2024-11-17 09:22:00+00:00,91200.96875,91200.96875,91200.96875,91200.96875,10149888,0.0,0.0,91265.178125,91177.67283484318,43.85296427663461,47.66561240756903,117.59790152036294,137.97017195603252,-20.372270435669577,90923.06536920922,91483.5877557908
2024-11-17 09:23:00+00:00,91167.078125,91167.078125,91167.078125,91167.078125,1310720,0.0,0.0,91250.996875,91176.66381485811,39.282071580922164,46.67085919319555,102.76338503463194,130.9288145717524,-28.165429537120474,90942.56261679006,91478.78269570993
2024-11-17 09:25:00+00:00,91170.640625,91170.640625,91170.640625,91170.640625,2883584,0.0,0.0,91228.8375,91176.09017772877,40.04841742654058,43.560257081487585,90.2539959357382,122.79385084454958,-32.53985490881138,90959.02289683692,91474.91538441309
2024-11-17 09:26:00+00:00,91200.296875,91200.296875,91200.296875,91200.296875,1437696,0.0,0.0,91207.0359375,91178.39557746888,46.59477550874854,42.55770628115558,81.79039768519579,114.59316021267882,-32.80276252748304,90992.69823843481,91462.8728553152
2024-11-17 09:27:00+00:00,91208.3046875,91208.3046875,91208.3046875,91208.3046875,17416192,0.0,0.0,91189.4578125,91181.2440641385,48.3707604736672,40.06816472291768,74.86608896827966,106.647745963799,-31.78165699551934,91021.20898756507,91452.91444993493
2024-11-17 09:28:00+00:00,91195.6953125,91195.6953125,91195.6953125,91195.6953125,3112960,0.0,0.0,91188.403125,91182.62037350626,45.58584508624697,38.09082418140991,67.58200989982288,98.83459875100378,-31.252588851180903,91066.08500636907,91429.77983738092
2024-11-17 09:30:00+00:00,91130.53125,91130.53125,91130.53125,91130.53125,2879488,0.0,0.0,91181.09375,91177.6595046009,33.839266056774036,40.03926547390754,55.90667219775787,90.2490134403546,-34.34234124259673,91101.14607485484,91407.64845639515
2024-11-17 09:31:00+00:00,91168.78125,91168.78125,91168.78125,91168.78125,0,0.0,0.0,91180.721875,91176.81395654367,43.76297095934563,39.91056292742106,49.17349682209897,82.03391011670348,-32.86041329460451,91107.42806143443,91404.72896981558
2024-11-17 09:33:00+00:00,91062.34375,91062.34375,91062.34375,91062.34375,11649024,0.0,0.0,91153.13125,91165.91203211094,29.431385234232085,44.69347072261424,34.84709449847287,72.59654699305736,-37.74945249458449,91074.8262076327,91414.60972986731
2024-11-17 09:34:00+00:00,91056.515625,91056.515625,91056.515625,91056.515625,6447104,0.0,0.0,91122.7734375,91155.4933266718,28.828288073873747,41.90057450816006,22.76066567513044,62.62937072947198,-39.86870505434154,91045.93034450134,91421.05949924866
2024-11-17 09:36:00+00:00,91084.671875,91084.671875,91084.671875,91084.671875,0,0.0,0.0,91100.56875,91148.74842651258,36.197286659053226,40.913322619525246,15.277943199005676,53.159085223378725,-37.88114202437305,91028.29134360638,91414.50240639363
2024-11-17 09:37:00+00:00,91180.25,91180.25,91180.25,91180.25,0,0.0,0.0,91110.5125,91151.74857636853,54.7512935235948,44.83830891639468,16.86576954164775,45.90042208703253,-29.03465254538478,91031.36455553467,91391.90341321533
2024-11-17 09:38:00+00:00,91156.9765625,91156.9765625,91156.9765625,91156.9765625,20176896,0.0,0.0,91108.1515625,91152.24647980962,50.57329189697481,43.290506461353075,16.061020014763926,39.932541672578814,-23.87152165781489,91043.20709965342,91354.30227534658
2024-11-17 09:39:00+00:00,91095.3984375,91095.3984375,91095.3984375,91095.3984375,0,0.0,0.0,91114.7625,91146.83238054204,40.93173638474052,44.60263297867793,10.335271581847337,34.01308765443252,-23.67781607258518,91037.35850975174,91336.84305274827
2024-11-17 09:40:00+00:00,91116.6875,91116.6875,91116.6875,91116.6875,3547136,0.0,0.0,91126.796875,91143.96143953803,45.14950994820202,42.93043375684594,7.429778261677711,28.696425775881558,-21.266647514203846,91035.4161850974,91319.8478774026
2024-11-17 09:42:00+00:00,91188.21875,91188.21875,91188.21875,91188.21875,0,0.0,0.0,91147.50625,91148.17642148679,57.14497038157559,44.98125739216804,10.774921349729993,25.112124890651245,-14.337203540921251,91035.32740919392,91315.50071580608
2024-11-17 09:44:00+00:00,91261.9765625,91261.9765625,91261.9765625,91261.9765625,0,0.0,0.0,91163.8515625,91159.01453015472,66.07113261705751,47.04411201182988,19.156782927544555,23.92105649802991,-4.764273570485354,91034.01592061692,91319.21142313309
2024-11-17 09:45:00+00:00,91250.5703125,91250.5703125,91250.5703125,91250.5703125,2265088,0.0,0.0,91182.5703125,91167.73412847331,63.67817380160685,44.49005845137805,24.59555729276326,24.05595665697658,0.5396006357866803,91036.43084921059,91313.70977578941
2024-11-17 09:47:00+00:00,91170.1640625,91170.1640625,91170.1640625,91170.1640625,44077056,0.0,0.0,91197.5234375,91167.96555076157,49.06384786821041,47.063445813872605,22.162240259320242,23.677213377445312,-1.51497311812507,91043.90241048015,91292.32415201985
2024-11-17 09:48:00+00:00,91145.4140625,91145.4140625,91145.4140625,91145.4140625,10637312,0.0,0.0,91203.26875,91165.81778997475,45.32801789209474,45.465045829529224,18.028875173200504,22.54754573659635,-4.5186705633958475,91050.92459438021,91270.22384311979
2024-11-17 09:49:00+00:00,91189.671875,91189.671875,91189.671875,91189.671875,8597504,0.0,0.0,91203.559375,91168.08960759621,52.822207015546844,45.378584708759035,18.1155642063095,21.66114943053898,-3.5455852242294803,91051.08391874915,91268.93483125084
2024-11-17 09:50:00+00:00,91161.6875,91161.6875,91161.6875,91161.6875,2240512,0.0,0.0,91183.5015625,91167.47988306324,47.97139307696186,44.13306228213062,15.744665993435774,20.47785274311834,-4.733186749682567,91050.85901804377,91268.62066945621
2024-11-17 09:51:00+00:00,91173.9296875,91173.9296875,91173.9296875,91173.9296875,50724864,0.0,0.0,91168.1734375,91168.09415015245,50.30076062422692,41.84990191766249,14.684283023307216,19.319138799156118,-4.6348557758489015,91050.9482004237,91268.8603933263
2024-11-17 09:52:00+00:00,91160.59375,91160.59375,91160.59375,91160.59375,3231744,0.0,0.0,91166.259375,91167.37982632841,47.592764317651316,39.80883979043068,12.622320918235346,17.979775222971963,-5.357454304736617,91050.54386149539,91265.29441975462
2024-11-17 09:54:00+00:00,91200.03125,91200.03125,91200.03125,91200.03125,3235840,0.0,0.0,91177.1828125,91170.4894857257,55.802096024497814,39.78226291911563,14.008990825444926,17.185618343466555,-3.176627518021629,91050.8484888804,91264.1624486196
2024-11-17 09:56:00+00:00,91210.8671875,91210.8671875,91210.8671875,91210.8671875,15839232,0.0,0.0,91181.421875,91174.33498113278,57.91531516267514,37.71086139245929,15.800171768976725,16.90852902856859,-1.108357259591866,91050.32328582383,91266.20483917618
2024-11-17 09:57:00+00:00,91254.59375,91254.59375,91254.59375,91254.59375,0,0.0,0.0,91200.003125,91181.97867340584,65.64785777218492,38.14128887170432,20.511618556425674,17.629146934140007,2.8824716222856672,91049.57873642101,91279.355638579
2024-11-17 09:59:00+00:00,91311.2265625,91311.2265625,91311.2265625,91311.2265625,3346432,0.0,0.0,91227.4625,91194.28799617672,73.11262445785269,39.46420834845835,28.486889617182896,19.800695470748586,8.68619414643431,91040.05850572544,91303.12040052455
2024-11-17 10:00:00+00:00,91290.734375,91290.734375,91290.734375,91290.734375,794624,0.0,0.0,91253.490625,91203.47336558846,66.96927797438771,38.10706702571642,32.77598002528248,22.395752381655367,10.380227643627112,91051.74228981994,91314.27567893006
2024-11-17 10:01:00+00:00,91314.4921875,91314.4921875,91314.4921875,91314.4921875,278528,0.0,0.0,91276.3828125,91214.04658672289,70.34017955847509,37.08071791784038,37.65807316523569,25.448216538371433,12.209856626864259,91066.20477252395,91325.61085247603
2024-11-17 10:02:00+00:00,91301.5625,91301.5625,91301.5625,91301.5625,0,0.0,0.0,91294.521875,91222.38143560642,66.05969497099781,35.353452836675324,40.02249501943879,28.363072234584905,11.659422784853888,91079.82575478322,91333.6789327168
2024-11-17 10:03:00+00:00,91265.21875,91265.21875,91265.21875,91265.21875,0,0.0,0.0,91296.646875,91226.46117983438,55.069843880395716,35.42427178238079,38.519648950576084,30.394387577783142,8.125261372792941,91082.23218496547,91339.76937753453
2024-11-17 10:04:00+00:00,91288.0625,91288.0625,91288.0625,91288.0625,0,0.0,0.0,91292.0140625,91232.32797223111,59.95509570689118,34.524678947642194,38.72552853821253,32.060615769869024,6.664912768343505,91087.11929079647,91347.99086545354
2024-11-17 10:06:00+00:00,91291.6953125,91291.6953125,91291.6953125,91291.6953125,0,0.0,0.0,91292.20625,91237.98200463767,60.74694916755564,32.315873269825246,38.735310653442866,33.39555474658379,5.339755906859075,91105.94885333437,91348.79099041563
2024-11-17 10:08:00+00:00,91247.09375,91247.09375,91247.09375,91247.09375,0,0.0,0.0,91278.7265625,91238.84978991027,47.33880359441409,33.19425105510234,34.743587260498316,33.6651612493667,1.0784260111316186,91123.4334366579,91344.34703209209
2024-11-17 10:09:00+00:00,91226.7109375,91226.7109375,91226.7109375,91226.7109375,0,0.0,0.0,91263.75625,91237.69370872833,42.3544985383274,32.27834605895813,29.59425098670181,32.85097919683372,-3.256728210131911,91127.28365357571,91344.3460339243
2024-11-17 10:10:00+00:00,91184.640625,91184.640625,91184.640625,91184.640625,0,0.0,0.0,91247.640625,91232.64103408753,33.787922964864535,32.978341565388924,21.866577968918136,30.654098951250603,-8.787520982332467,91121.9203967333,91341.97569701669
2024-11-17 10:12:00+00:00,91203.1015625,91203.1015625,91203.1015625,91203.1015625,26521600,0.0,0.0,91230.6484375,91229.8277510792,40.00060829478029,31.940600387183114,17.03560890405788,27.93040094181206,-10.89479203775418,91119.20877611944,91339.94044263057
2024-11-17 10:13:00+00:00,91205.046875,91205.046875,91205.046875,91205.046875,1679360,0.0,0.0,91213.31875,91227.46766764308,40.684819865697555,29.796576229397285,13.211705261739553,24.98666180579756,-11.774956544058007,91123.69510771435,91338.94239228567
2024-11-17 10:15:00+00:00,91212.1953125,91212.1953125,91212.1953125,91212.1953125,0,0.0,0.0,91206.3390625,91226.01315762945,43.44952221872428,28.177797881236277,10.635454342424055,22.11642031312286,-11.480965970698804,91133.98274542385,91335.33287957613
2024-11-17 10:17:00+00:00,91197.9296875,91197.9296875,91197.9296875,91197.9296875,0,0.0,0.0,91200.5828125,91223.33854142665,39.1959819712672,27.183469988284383,7.35782380058663,19.164701010615616,-11.806877210028986,91135.07154645474,91335.06985979527
2024-11-17 10:18:00+00:00,91175.7734375,91175.7734375,91175.7734375,91175.7734375,0,0.0,0.0,91198.809375,91218.80853152888,33.29069917094359,26.824181106849032,2.9385796575515997,15.919476740002814,-12.980897082451214,91137.67269910773,91333.87730089226
2024-11-17 10:19:00+00:00,91184.859375,91184.859375,91184.859375,91184.859375,2195456,0.0,0.0,91195.1609375,91215.57527852613,37.775863000548505,25.556502752153115,0.16752493400417734,12.769086378803088,-12.60156144479891,91139.48978244918,91333.15318630083
2024-11-17 10:21:00+00:00,91142.296875,91142.296875,91142.296875,91142.296875,0,0.0,0.0,91182.6109375,91208.59638295221,27.62507834653283,26.77180522683032,-5.40073759794177,9.135121583454117,-14.535859181395887,91135.43555368276,91335.37772756725
2024-11-17 10:22:00+00:00,91111.359375,91111.359375,91111.359375,91111.359375,0,0.0,0.0,91162.44375,91199.33571552818,22.498345584543674,27.06948868168223,-12.169738298485754,4.874149607066143,-17.043887905551898,91118.08880360037,91343.85729014964
2024-11-17 10:24:00+00:00,91132.3984375,91132.3984375,91132.3984375,91132.3984375,0,0.0,0.0,91149.3375,91192.96073666836,32.44511155163237,26.638564063371323,-15.656070177283254,0.7681056501962639,-16.42417582747952,91106.4518459676,91347.64737278239
2024-11-17 10:25:00+00:00,91130.359375,91130.359375,91130.359375,91130.359375,0,0.0,0.0,91140.2546875,91186.99870222376,31.98100892066684,24.880775427537678,-18.37177027972939,-3.059869535788867,-15.311900743940523,91093.92239477168,91347.75338647832
2024-11-17 10:27:00+00:00,91155.4140625,91155.4140625,91155.4140625,91155.4140625,0,0.0,0.0,91134.365625,91183.99064129769,43.55527279646669,24.893202191407525,-18.2914261117985,-6.1061808509907936,-12.185245260807708,91090.21892690478,91335.87560434523
2024-11-17 10:29:00+00:00,91130.9296875,91130.9296875,91130.9296875,91130.9296875,0,0.0,0.0,91132.0921875,91178.93721712647,36.47833985195181,24.863990485538586,-19.97319861712458,-8.879584404217551,-11.09361421290703,91082.69270905554,91327.42135344447
2024-11-17 10:30:00+00:00,91125.6015625,91125.6015625,91125.6015625,91125.6015625,0,0.0,0.0,91134.940625,91173.85763097157,35.03317940188591,23.468138301842114,-21.488247461849824,-11.401317015744006,-10.086930446105818,91079.49336168876,91311.73163831125
2024-11-17 10:31:00+00:00,91101.0078125,91101.0078125,91101.0078125,91101.0078125,0,0.0,0.0,91128.6625,91166.9195530219,28.873272472512976,23.548562315137264,-24.392265816408326,-13.99950677587687,-10.392759040531455,91073.21768265692,91297.95184859307
2024-11-17 10:33:00+00:00,91115.4921875,91115.4921875,91115.4921875,91115.4921875,0,0.0,0.0,91125.6890625,91162.02170868649,36.540101307213625,22.90094705661153,-25.234070614809752,-16.24641954366345,-8.987651071146303,91068.02364243896,91288.17323256104
2024-11-17 10:35:00+00:00,91111.7734375,91111.7734375,91111.7734375,91111.7734375,0,0.0,0.0,91116.9609375,91157.23615904967,35.39723280247406,21.530449563941083,-25.90268895412737,-18.177673425756236,-7.725015528371134,91067.95746124875,91270.61050750125
2024-11-17 10:36:00+00:00,91099.5546875,91099.5546875,91099.5546875,91099.5546875,0,0.0,0.0,91110.6859375,91151.74268556875,31.607619535391404,20.865174658195887,-27.10606299257779,-19.96335133912055,-7.142711653457241,91070.94470189147,91248.40920435854
2024-11-17 10:37:00+00:00,91132.09375,91132.09375,91132.09375,91132.09375,0,0.0,0.0,91111.984375,91149.87135837173,48.6783243987753,21.699202490612034,-25.144267717943876,-20.999534614885217,-4.144733103058659,91074.14606723921,91233.70783901079
2024-11-17 10:39:00+00:00,91097.0625,91097.0625,91097.0625,91097.0625,0,0.0,0.0,91111.1953125,91144.84194328872,37.05993811999853,22.651681101667442,-26.115219936182257,-22.022671679144626,-4.092548257037631,91071.39116768994,91223.49789481006
2024-11-17 10:41:00+00:00,91088.3359375,91088.3359375,91088.3359375,91088.3359375,0,0.0,0.0,91105.7640625,91139.46041892789,34.65600155080869,21.6568459804546,-27.274464181959047,-23.073030179707512,-4.201434002251535,91064.44091235772,91220.81768139229
2024-11-17 10:42:00+00:00,91077.7734375,91077.7734375,91077.7734375,91077.7734375,0,0.0,0.0,91098.9640625,91133.58546831571,31.74793644911164,20.864256727035738,-28.71447646363231,-24.201319436492472,-4.513157027139837,91058.47688673885,91214.24889451114
2024-11-17 10:43:00+00:00,91078.34375,91078.34375,91078.34375,91078.34375,0,0.0,0.0,91094.721875,91128.32435228564,32.10681278764446,19.414458333837665,-29.469965698968736,-25.255048688987728,-4.214917009981008,91054.95817345746,91205.09729529255
2024-11-17 10:45:00+00:00,91031.828125,91031.828125,91031.828125,91031.828125,0,0.0,0.0,91074.66875,91119.13423540129,21.39974755139269,21.35054233561246,-33.436681302744546,-26.891375211739092,-6.545306091005454,91044.27316301125,91197.74558698873
2024-11-17 10:46:00+00:00,91055.703125,91055.703125,91055.703125,91055.703125,0,0.0,0.0,91066.396875,91113.09317726783,34.48307141207345,21.530885510878935,-34.25890371249989,-28.36488091189125,-5.894022800608635,91040.71473837935,91187.08135537064
2024-11-17 10:48:00+00:00,91092.5546875,91092.5546875,91092.5546875,91092.5546875,0,0.0,0.0,91067.240625,91111.13713062328,49.59251566912965,22.625359172918895,-31.572954418574227,-29.006495613227848,-2.566458805346379,91041.82585814418,91177.64836060582
2024-11-17 10:50:00+00:00,91091.515625,91091.515625,91091.515625,91091.515625,0,0.0,0.0,91069.9890625,91109.26841580201,49.219126754987265,21.08329820995782,-29.191660619413597,-29.043528614465,-0.14813200494859657,91046.22656178115,91163.91328196884
2024-11-17 10:51:00+00:00,91116.046875,91116.046875,91116.046875,91116.046875,0,0.0,0.0,91077.5296875,91109.91398334468,57.94132018407412,21.329607567921467,-25.036397265444975,-28.242102344660996,3.2057050792160204,91047.1660807147,91160.34876303529
2024-11-17 10:52:00+00:00,91131.4375,91131.4375,91131.4375,91131.4375,0,0.0,0.0,91097.4515625,91111.96384207376,62.63846190108078,20.905351203447335,-20.267791819860577,-26.647240239700913,6.379448419840337,91046.96662257142,91162.55603367857
2024-11-17 10:54:00+00:00,91083.3828125,91083.3828125,91083.3828125,91083.3828125,0,0.0,0.0,91102.9875,91109.24183925721,44.52479888460877,22.844773412551778,-20.134155310413917,-25.344623253843515,5.210467943429599,91045.25926381996,91159.36182993004
2024-11-17 10:55:00+00:00,91026.953125,91026.953125,91026.953125,91026.953125,0,0.0,0.0,91089.8671875,91101.40481885176,31.890623805464372,25.243907091350103,-24.30151881086931,-25.136002365248675,0.8344835543793643,91032.90378656436,91161.37668218563
2024-11-17 10:57:00+00:00,91041.9921875,91041.9921875,91041.9921875,91041.9921875,0,0.0,0.0,91079.9625,91095.74647300874,37.412567442554995,24.514930018779822,-26.08990951566375,-25.326783795331693,-0.7631257203320558,91028.80519871261,91154.1330825374
2024-11-17 11:00:00+00:00,91065.2109375,91065.2109375,91065.2109375,91065.2109375,0,0.0,0.0,91069.7953125,91092.83832676981,45.38773981171517,24.422338702121287,-25.341541440880974,-25.32973532444155,-0.01180611643942342,91027.2730088278,91149.09339742218
2024-11-17 11:01:00+00:00,91064.4453125,91064.4453125,91064.4453125,91064.4453125,1503232,0.0,0.0,91056.396875,91090.13423017268,45.1663325656256,22.732454304474746,-24.527496180686285,-25.169287495690497,0.6417913150042125,91025.91963358414,91144.33114766587
2024-11-17 11:03:00+00:00,90949.109375,90949.109375,90949.109375,90949.109375,0,0.0,0.0,91029.5421875,91076.70329158481,24.317867273146053,29.34742184933269,-32.81078341351531,-26.697586679255462,-6.113196734259848,90994.318622538,91160.742314962
2024-11-17 11:04:00+00:00,90894.3359375,90894.3359375,90894.3359375,90894.3359375,5386240,0.0,0.0,91003.01875,91059.33497214816,19.365252361310542,31.163676227959435,-43.296017331958865,-30.017272809796143,-13.278744522162722,90953.0753929728,91179.8699195272
2024-11-17 11:06:00+00:00,90943.59375,90943.59375,90943.59375,90943.59375,0,0.0,0.0,90983.3390625,91048.31199861024,33.56169507137744,32.456187488284684,-47.08814413608343,-33.431447075053605,-13.656697061029824,90934.83417780092,91181.29316594909
2024-11-17 11:07:00+00:00,90982.0859375,90982.0859375,90982.0859375,90982.0859375,942080,0.0,0.0,90966.7140625,91042.00475469498,42.75075944496361,32.8873529448402,-46.45196477592981,-36.03555061522885,-10.41641416070096,90926.26270963905,91178.11775911094
2024-11-17 11:09:00+00:00,90917.0234375,90917.0234375,90917.0234375,90917.0234375,0,0.0,0.0,90937.2296875,91030.10177210499,33.58939971005201,35.18568959224214,-50.614337473525666,-38.95130798688822,-11.663029486637448,90908.12397619859,91174.74946130141
2024-11-17 11:12:00+00:00,90776.734375,90776.734375,90776.734375,90776.734375,7094272,0.0,0.0,90902.7546875,91005.97154380927,21.82428822394556,42.69341266521938,-64.48980440213927,-44.05900726993843,-20.430797132200844,90851.80923307437,91199.03139192564
2024-11-17 11:13:00+00:00,90682.390625,90682.390625,90682.390625,90682.390625,974848,0.0,0.0,90860.365625,90975.15431344647,17.119662197776773,46.38287730174485,-82.15196733023913,-51.677599281998575,-30.474368048240557,90778.77135357588,91231.47474017412
2024-11-17 11:15:00+00:00,90706.9921875,90706.9921875,90706.9921875,90706.9921875,80154624,0.0,0.0,90813.0453125,90949.61506335634,22.220555080632753,44.82700847388324,-93.09112170603476,-59.960303766805815,-33.13081793922894,90728.55087077015,91244.61709797985
2024-11-17 11:16:00+00:00,90690.140625,90690.140625,90690.140625,90690.140625,15519744,0.0,0.0,90754.65625,90924.9032120843,21.178903592568876,42.828690026216364,-101.94510095538863,-68.35726320452238,-33.58783775086624,90682.62886999006,91251.71878625994
2024-11-17 11:18:00+00:00,90699.5078125,90699.5078125,90699.5078125,90699.5078125,94642176,0.0,0.0,90711.153125,90903.43698355247,23.50442154074675,40.43850239450916,-106.97297172389517,-76.08040490839694,-30.892566815498228,90645.01820972771,91256.09741527229
2024-11-17 11:19:00+00:00,90701.265625,90701.265625,90701.265625,90701.265625,4870144,0.0,0.0,90696.059375,90884.18256845223,23.995360448945643,37.67550977014064,-109.55289714966784,-82.77490335665112,-26.77799379301672,90612.96658753074,91252.70528746926
2024-11-17 11:20:00+00:00,90705.796875,90705.796875,90705.796875,90705.796875,66523136,0.0,0.0,90700.740625,90867.19345479012,25.43455985195249,35.30799405501094,-109.96427294307796,-88.2127772739365,-21.751495669141462,90587.878765575,91239.117328175
2024-11-17 11:21:00+00:00,90768.3203125,90768.3203125,90768.3203125,90768.3203125,3895296,0.0,0.0,90713.00625,90857.77696504821,42.854126751473004,37.25200659775014,-104.04579716363514,-91.37938125187623,-12.666415911758918,90576.61935829493,91218.05720420508
2024-11-17 11:23:00+00:00,90775.625,90775.625,90775.625,90775.625,25280512,0.0,0.0,90730.103125,90849.95296837695,44.61763245392183,35.1128589408391,-97.64039751121891,-92.63158450374476,-5.008813007474146,90571.93772679908,91188.69664820092
2024-11-17 11:24:00+00:00,90791.1953125,90791.1953125,90791.1953125,90791.1953125,0,0.0,0.0,90748.440625,90844.35700115058,48.56487887056627,33.71693038709431,-90.26713470648974,-92.15869454429377,1.8915598378040244,90575.35281858998,91151.25733766003
2024-11-17 11:25:00+00:00,90746.703125,90746.703125,90746.703125,90746.703125,0,0.0,0.0,90757.528125,90835.05663199339,39.241010679306505,34.48660818735831,-87.01091088846442,-91.1291378131279,4.118226924663475,90572.94717722246,91119.99501027755
2024-11-17 11:27:00+00:00,90684.0390625,90684.0390625,90684.0390625,90684.0390625,0,0.0,0.0,90753.1765625,90820.67400632735,29.83045496520368,36.49932375029305,-88.46700364198477,-90.59671097889928,2.1297073369145068,90560.25009892332,91098.40068232668
2024-11-17 11:28:00+00:00,90685.9921875,90685.9921875,90685.9921875,90685.9921875,0,0.0,0.0,90736.7109375,90807.84716643902,30.437067319300056,34.03169229717322,-88.44384122789779,-90.16613702869898,1.7222958008011915,90554.23644657696,91068.81433467304
2024-11-17 11:30:00+00:00,90716.78125,90716.78125,90716.78125,90716.78125,0,0.0,0.0,90724.9421875,90799.17422201626,39.979809214610995,33.8000718887618,-84.96167946497735,-89.12524551595466,4.163566050977309,90561.92383097233,91026.28398152768
2024-11-17 11:32:00+00:00,90675.75,90675.75,90675.75,90675.75,0,0.0,0.0,90701.853125,90787.41953420518,32.9517041336451,34.3165928822242,-84.53841393032053,-88.20787919882784,3.6694652685073095,90573.22093106573,90976.11735018427
2024-11-17 11:33:00+00:00,90675.7109375,90675.7109375,90675.7109375,90675.7109375,3579904,0.0,0.0,90687.6546875,90776.78062023326,32.94527159065225,31.86816144787661,-83.24651100224582,-87.21560555951145,3.9690945572656204,90572.03737022562,90949.96106727439
2024-11-17 11:35:00+00:00,90705.40625,90705.40625,90705.40625,90705.40625,0,0.0,0.0,90691.928125,90769.98306116342,42.84131713775482,31.712955808608903,-78.91680131782778,-85.55584471117471,6.639043393346938,90571.51936121589,90931.58610753411
2024-11-17 11:36:00+00:00,90716.8203125,90716.8203125,90716.8203125,90716.8203125,0,0.0,0.0,90698.09375,90764.9199422431,46.389310559631255,30.263016268052574,-73.71471835917328,-83.18761944077443,9.472901081601151,90582.85119705551,90897.5769279445
2024-11-17 11:37:00+00:00,90781.1875,90781.1875,90781.1875,90781.1875,77824,0.0,0.0,90710.975,90766.46923345805,61.93468272967996,32.699057500914705,-63.66425415100821,-79.28294638282118,15.618692231812972,90616.17425770515,90844.16402354486
2024-11-17 11:39:00+00:00,90697.1328125,90697.1328125,90697.1328125,90697.1328125,0,0.0,0.0,90715.2515625,90759.86576479538,42.957464079019225,36.367357339619666,-61.7696575018781,-75.78028860663257,14.010631104754466,90643.3676927687,90794.98152598129
2024-11-17 11:40:00+00:00,90667.9765625,90667.9765625,90667.9765625,90667.9765625,14077952,0.0,0.0,90713.7046875,90751.11441219582,38.21844774573811,35.852272956407226,-61.907213887854596,-73.00567366287697,11.098459775022377,90639.64199110655,90787.83144639347
2024-11-17 11:42:00+00:00,90616.5546875,90616.5546875,90616.5546875,90616.5546875,40456192,0.0,0.0,90695.934375,90738.29920032003,31.148055044042852,36.964397988999075,-65.4115205847047,-71.48684304724252,6.075322462537812,90625.95208857658,90794.9377551734
2024-11-17 11:44:00+00:00,90672.2109375,90672.2109375,90672.2109375,90672.2109375,0,0.0,0.0,90687.0125,90732.00508005146,44.18642148710826,38.29954209319621,-62.971814770731726,-69.78383739194037,6.812022621208641,90622.58428970409,90794.82742904591
2024-11-17 11:45:00+00:00,90663.4453125,90663.4453125,90663.4453125,90663.4453125,3489792,0.0,0.0,90663.4640625,90725.47557837989,42.700632901192144,36.189959247836136,-61.04198896467278,-68.03546770648686,6.993478741814073,90619.33378233777,90795.40840516223
2024-11-17 11:46:00+00:00,90656.1875,90656.1875,90656.1875,90656.1875,1171456,0.0,0.0,90655.275,90718.87671377228,41.35728094638116,34.123361565112496,-59.413352775154635,-66.31104472022041,6.897691945065773,90614.41197529569,90795.99818095431
2024-11-17 11:48:00+00:00,90543.3515625,90543.3515625,90543.3515625,90543.3515625,0,0.0,0.0,90630.35,90702.16003269872,26.3318847609106,39.74572826223718,-66.46143792266957,-66.34112336071024,-0.12031456195933288,90582.28665004588,90812.33209995412
2024-11-17 11:49:00+00:00,90630.671875,90630.671875,90630.671875,90630.671875,0,0.0,0.0,90633.1734375,90695.35163672741,44.52748666903699,43.1439352129144,-64.26032371718611,-65.92496343200541,1.6646397148193017,90575.03100322679,90812.07524677322
2024-11-17 11:51:00+00:00,90677.4921875,90677.4921875,90677.4921875,90677.4921875,0,0.0,0.0,90634.2296875,90693.65073680099,51.95140783395475,43.406535195197364,-58.06853895542736,-64.3536785366898,6.285139581262442,90575.43989062322,90802.58354687678
2024-11-17 11:52:00+00:00,90747.3359375,90747.3359375,90747.3359375,90747.3359375,0,0.0,0.0,90651.0078125,90698.76361305804,61.028430762997246,45.29491839612056,-46.98409460984112,-60.87976175132007,13.895667141478945,90577.73130986858,90797.4632213814
2024-11-17 11:54:00+00:00,90772.015625,90772.015625,90772.015625,90772.015625,23109632,0.0,0.0,90674.1734375,90705.73999514774,63.84421550396155,43.82239414510092,-35.79551961417019,-55.8629133238901,20.06739370971991,90580.12241179011,90793.15415070987
2024-11-17 11:56:00+00:00,90772.5,90772.5,90772.5,90772.5,22683648,0.0,0.0,90720.003125,90712.09809084795,63.90393282229118,40.7268062039835,-26.582976302874158,-50.006925919686914,23.423949616812756,90577.96510613641,90797.8911438636
2024-11-17 11:57:00+00:00,90795.4765625,90795.4765625,90795.4765625,90795.4765625,0,0.0,0.0,90752.9640625,90720.03889767196,66.92698995703793,39.45892589372106,-17.229343636732665,-43.45140946309607,26.222065826363405,90574.00945362146,90812.99054637854
2024-11-17 11:59:00+00:00,90741.2734375,90741.2734375,90741.2734375,90741.2734375,21688320,0.0,0.0,90765.7203125,90722.06123479844,54.39003963486013,40.512087415501064,-14.028549170252518,-37.56683740452736,23.538288234274845,90575.0509554355,90817.47716956452
2024-11-17 12:00:00+00:00,90712.2265625,90712.2265625,90712.2265625,90712.2265625,6746112,0.0,0.0,90758.6984375,90721.12459934145,48.687950699034744,39.693140463576555,-13.678064341293066,-32.7890827918805,19.111018450587437,90574.96123094512,90817.11142530489
2024-11-17 12:01:00+00:00,90734.0078125,90734.0078125,90734.0078125,90734.0078125,5562368,0.0,0.0,90751.096875,90722.35157202321,52.99871717294387,38.41371506242363,-11.51005697567598,-28.5332776286396,17.02322065296362,90577.16539743815,90820.73304006185
2024-11-17 12:03:00+00:00,90660.6484375,90660.6484375,90660.6484375,90660.6484375,0,0.0,0.0,90728.7265625,90716.475083021,39.84545356554873,40.90984206022671,-15.532336880380171,-25.933089478987714,10.400752598607543,90575.66276452878,90820.72942297121
2024-11-17 12:05:00+00:00,90784.375,90784.375,90784.375,90784.375,0,0.0,0.0,90726.50625,90722.9417417809,59.58279205418294,46.82534064448332,-8.636763878312195,-22.47382435885261,13.837060480540416,90573.97659594196,90830.31246655804
2024-11-17 12:06:00+00:00,90869.609375,90869.609375,90869.609375,90869.609375,0,0.0,0.0,90752.1734375,90736.91008780176,68.01690241198621,49.568851088343905,3.6634986034041503,-17.24635976640126,20.90985836980541,90562.27332804023,90857.29464070976
2024-11-17 12:07:00+00:00,90859.5625,90859.5625,90859.5625,90859.5625,0,0.0,0.0,90781.640625,90748.59126991588,66.11947413274879,46.74584516215391,12.45724700242863,-11.305638412635282,23.762885415063913,90555.06794731395,90872.33752143604
2024-11-17 12:09:00+00:00,90886.265625,90886.265625,90886.265625,90886.265625,0,0.0,0.0,90812.0921875,90761.70311325723,68.8168780961111,45.31421869846244,21.33513680791657,-4.777483368524912,26.11262017644148,90547.92250319432,90898.39624680569
2024-11-17 12:12:00+00:00,90827.671875,90827.671875,90827.671875,90827.671875,0,0.0,0.0,90845.496875,90767.98585247083,57.16575507938705,46.26275886032277,23.373467717523454,0.8527068486847607,22.520760868838693,90552.17911810924,90910.10916314075
2024-11-17 12:13:00+00:00,90768.4453125,90768.4453125,90768.4453125,90768.4453125,0,0.0,0.0,90842.3109375,90768.02961056885,47.65174416583879,47.18874683952402,19.979460251066484,4.678057529161106,15.30140272190538,90567.1289443081,90910.34839944191
2024-11-17 12:15:00+00:00,90836.7578125,90836.7578125,90836.7578125,90836.7578125,0,0.0,0.0,90835.740625,90774.57515360991,57.230197499949554,48.69758938456318,22.54208163487783,8.250862350304452,14.29121928457338,90573.13994061778,90920.79209063223
2024-11-17 12:17:00+00:00,90883.7109375,90883.7109375,90883.7109375,90883.7109375,0,0.0,0.0,90840.5703125,90784.96903778992,62.70265285205211,48.57298455303821,28.038492045161547,12.208388289275872,15.830103755885675,90578.88427165523,90937.07432209476
2024-11-17 12:18:00+00:00,90929.703125,90929.703125,90929.703125,90929.703125,0,0.0,0.0,90849.2578125,90798.75323657184,67.46061206944158,48.38864158682097,35.694161972933216,16.90554302600734,18.788618946925876,90584.16528977841,90959.14486647159
2024-11-17 12:19:00+00:00,90950.6953125,90950.6953125,90950.6953125,90950.6953125,0,0.0,0.0,90873.8625,90813.22391046975,69.53041827669664,46.43174885909328,42.96001334684843,22.11643709017556,20.84357625667287,90620.3256917417,90963.71883950829
2024-11-17 12:21:00+00:00,90931.1875,90931.1875,90931.1875,90931.1875,0,0.0,0.0,90906.4109375,90824.45853804405,65.0447203725775,44.50860767308939,46.60688036803913,27.014525745748273,19.592354622290856,90641.99284442647,90972.10324932354
2024-11-17 12:22:00+00:00,90895.21875,90895.21875,90895.21875,90895.21875,0,0.0,0.0,90918.103125,90831.19760584939,57.11802890838417,43.898616992633805,46.063677830592496,30.82435616271712,15.239321667875377,90659.92474955466,90975.94400044534
2024-11-17 12:24:00+00:00,90858.3828125,90858.3828125,90858.3828125,90858.3828125,0,0.0,0.0,90913.0375,90833.78667314944,49.85844390412647,43.3941392358201,42.17467025475344,33.094418981124385,9.080251273629052,90668.00644671316,90978.96699078685
2024-11-17 12:25:00+00:00,90870.453125,90870.453125,90870.453125,90870.453125,0,0.0,0.0,90901.1875,90837.27871618283,52.1818490041915,41.156720362681945,39.60997790610418,34.39753076612035,5.21244713998383,90673.52628506554,90983.29090243447
2024-11-17 12:27:00+00:00,90867.53125,90867.53125,90867.53125,90867.53125,0,0.0,0.0,90884.5546875,90840.1599098797,51.5078021939401,38.42565694458665,36.916123753690044,34.901249363634285,2.014874390055759,90679.60501164699,90986.71530085301
2024-11-17 12:29:00+00:00,90861.1875,90861.1875,90861.1875,90861.1875,0,0.0,0.0,90870.5546875,90842.1625375102,49.87590571255517,36.1340897981009,33.878803562998655,34.69676020350716,-0.8179566405085055,90683.44537988046,90989.44602636955
2024-11-17 12:30:00+00:00,90846.5234375,90846.5234375,90846.5234375,90846.5234375,0,0.0,0.0,90860.815625,90842.57786131876,45.949831180252936,34.60051495016649,29.943270751900855,33.7460623131859,-3.802791561285048,90695.05526791702,90988.36113833298
2024-11-17 12:31:00+00:00,90844.3984375,90844.3984375,90844.3984375,90844.3984375,0,0.0,0.0,90858.01875,90842.7512495265,45.34635305741056,32.28083324687729,26.34912657510722,32.26667516557017,-5.91754859046295,90714.22452349539,90982.40907025462
2024-11-17 12:33:00+00:00,90846.15625,90846.15625,90846.15625,90846.15625,0,0.0,0.0,90853.159375,90843.07553528588,46.03040203364273,30.100615677907413,23.373151062522084,30.487970344960555,-7.1148192824384715,90730.46333478036,90977.38510271965
2024-11-17 12:34:00+00:00,90900.5078125,90900.5078125,90900.5078125,90900.5078125,0,0.0,0.0,90859.7546875,90848.54527597294,62.81796036318812,31.832827494157435,25.110922799809487,29.412560835930343,-4.301638036120856,90778.56636958409,90953.26800541591
2024-11-17 12:36:00+00:00,90856.4609375,90856.4609375,90856.4609375,90856.4609375,0,0.0,0.0,90858.809375,90849.29914849933,48.54198623222938,32.70526008038369,22.672549684575642,28.064558605659403,-5.392008921083761,90790.36177220347,90948.68119654653
2024-11-17 12:37:00+00:00,90816.734375,90816.734375,90816.734375,90816.734375,0,0.0,0.0,90852.8515625,90846.19774149939,39.174238976740156,33.20678201354997,17.334696250312845,25.918586134590093,-8.583889884277248,90784.44232564117,90949.31314310883
2024-11-17 12:39:00+00:00,90800.5,90800.5,90800.5,90800.5,0,0.0,0.0,90844.071875,90841.8455756423,35.87362828996558,31.99446648218425,11.660021095260163,23.066873126724108,-11.406852031463945,90776.56780644922,90951.28141230077
2024-11-17 12:41:00+00:00,90829.890625,90829.890625,90829.890625,90829.890625,0,0.0,0.0,90840.81875,90840.70700891447,45.56133982745576,31.808477698799347,9.425724080952932,20.338643317569876,-10.912919236616943,90773.17823098767,90949.03348776234
2024-11-17 12:42:00+00:00,90852.8828125,90852.8828125,90852.8828125,90852.8828125,0,0.0,0.0,90831.29375,90841.86660925594,52.15783989532163,31.178742351061786,9.401925433499855,18.151299740755874,-8.74937430725602,90775.67806010206,90949.05475239795
2024-11-17 12:43:00+00:00,90899.765625,90899.765625,90899.765625,90899.765625,0,0.0,0.0,90839.9546875,90847.38080123157,62.86299901147162,32.30046219909353,13.016074778846814,17.124254748374064,-4.108179969527249,90792.39533899687,90945.46950475313
2024-11-17 12:45:00+00:00,90948.578125,90948.578125,90948.578125,90948.578125,0,0.0,0.0,90866.3234375,90857.01864159048,70.7996112702261,33.479894009216444,19.593216576147825,17.618047113928817,1.9751694622190072,90792.09447571967,90956.95239928033
2024-11-17 12:46:00+00:00,90987.671875,90987.671875,90987.671875,90987.671875,6115328,0.0,0.0,90903.7578125,90869.46180667709,75.66000907469672,33.88088389288972,27.64155312301591,19.622748315746236,8.018804807269674,90783.6481440281,90975.79482472189
2024-11-17 12:48:00+00:00,91104.234375,91104.234375,91104.234375,91104.234375,655360,0.0,0.0,90958.6265625,90891.82109889832,84.5852243887354,39.78671594039447,42.930659498801106,24.28433055235721,18.646328946443894,90752.407428365,91024.488665385
2024-11-17 12:49:00+00:00,91104.015625,91104.015625,91104.015625,91104.015625,6795264,0.0,0.0,91008.853125,90912.0301013842,84.51736963788184,36.96043162551223,54.40261566787376,30.307987575460523,24.094628092413238,90732.43477109603,91059.79335390397
2024-11-17 12:51:00+00:00,91116.515625,91116.515625,91116.515625,91116.515625,66809856,0.0,0.0,91052.203125,90931.50491315713,85.3033519786345,35.21325734475689,63.767793684470234,36.99994879726247,26.767844887207765,90715.86322456833,91094.89771293166
2024-11-17 12:52:00+00:00,91112.84375,91112.84375,91112.84375,91112.84375,0,0.0,0.0,91085.05625,90948.77527857074,83.84464507391925,32.96030075268042,70.08557225947152,43.61707348970428,26.468498769767237,90706.42671227166,91126.09672522834
2024-11-17 12:54:00+00:00,91091.890625,91091.890625,91091.890625,91091.890625,38391808,0.0,0.0,91105.9,90962.405311564,75.27504294627505,32.10264509068883,72.56522843919811,49.40670447960305,23.15852395959506,90706.61250626194,91149.26171248805
2024-11-17 12:56:00+00:00,91089.7734375,91089.7734375,91089.7734375,91089.7734375,27602944,0.0,0.0,91103.0078125,90974.53560927219,74.37886922118844,29.96082610910679,73.51213238698256,54.227790061078956,19.2843423259036,90708.51023518639,91169.2960148136
2024-11-17 12:57:00+00:00,91048.15625,91048.15625,91048.15625,91048.15625,4591616,0.0,0.0,91091.8359375,90981.54709886531,58.42690197680404,30.79342356148551,70.09637399978237,57.40150684881964,12.694867150962729,90715.29067762855,91180.57807237144
2024-11-17 12:58:00+00:00,91054.84375,91054.84375,91054.84375,91054.84375,819200,0.0,0.0,91079.5015625,90988.52773230671,60.03382516981772,29.071571474922347,67.15486672776751,59.35217882460922,7.802687903158294,90724.10277397669,91191.13160102331
2024-11-17 13:00:00+00:00,91067.4921875,91067.4921875,91067.4921875,91067.4921875,28618752,0.0,0.0,91070.43125,90996.04815661084,63.17468845648417,27.898490221385494,65.09396155193099,60.50053537007358,4.59342618185741,90736.31492389162,91201.01632610837
2024-11-17 13:01:00+00:00,91064.21875,91064.21875,91064.21875,91064.21875,0,0.0,0.0,91064.896875,91002.54059407648,61.71039296533269,26.13955752864738,62.47635180958605,60.89569865797608,1.5806531516099724,90751.09318823315,91208.22009301686
2024-11-17 13:02:00+00:00,91055.4765625,91055.4765625,91055.4765625,91055.4765625,0,0.0,0.0,91058.0375,91007.58211487872,57.553934120046776,24.896888007671667,59.01615427003708,60.51978978038828,-1.5036355103512022,90767.88772855354,91212.35758394645
2024-11-17 13:03:00+00:00,91038.9453125,91038.9453125,91038.9453125,91038.9453125,0,0.0,0.0,91056.1953125,91010.56908608075,50.10821765054778,24.299342331562308,54.3138923314109,59.27861029059281,-4.964717959181911,90777.80201716394,91216.28704533605
2024-11-17 13:04:00+00:00,91025.8125,91025.8125,91025.8125,91025.8125,0,0.0,0.0,91050.3890625,91012.02083978735,44.743352167766496,23.50173292881025,48.96319047259749,57.215526326993746,-8.252335854396257,90795.76642931359,91215.25778943642
2024-11-17 13:06:00+00:00,90913.7890625,90913.7890625,90913.7890625,90913.7890625,0,0.0,0.0,91019.6484375,91002.66543242666,21.662382689870903,29.824712776851506,35.27671747239947,52.8277645560749,-17.551047083675428,90814.26723783086,91206.46244966912
2024-11-17 13:07:00+00:00,90944.2421875,90944.2421875,90944.2421875,90944.2421875,2576384,0.0,0.0,90995.653125,90997.10131386221,32.67676756504968,29.86959937048221,26.580992558039725,47.57841015646787,-20.997417598428143,90843.44439014164,91191.65951610837
2024-11-17 13:09:00+00:00,90883.0390625,90883.0390625,90883.0390625,90883.0390625,0,0.0,0.0,90961.165625,90986.23824230391,24.575110005722877,32.107708633993184,14.582884803967318,40.97930508596776,-26.39642028200044,90856.31738417053,91184.10136582948
2024-11-17 13:10:00+00:00,90866.8359375,90866.8359375,90866.8359375,90866.8359375,9187328,0.0,0.0,90926.74375,90974.86659422735,22.82704917175053,30.971666809176345,3.723914229631191,33.52822691470045,-29.804312685069256,90859.77452576591,91182.03953673408
2024-11-17 13:12:00+00:00,90900.3984375,90900.3984375,90900.3984375,90900.3984375,0,0.0,0.0,90901.6609375,90967.77438882475,34.1468755843183,31.156726343480383,-2.148913590470329,26.392798813666293,-28.54171240413662,90859.90110951474,91181.97623423526
2024-11-17 13:13:00+00:00,90875.2578125,90875.2578125,90875.2578125,90875.2578125,0,0.0,0.0,90893.9546875,90958.96328631762,30.267041218743685,30.727004774369068,-8.731162867305102,19.368006477472015,-28.099169344777117,90846.75371121008,91187.79160128992
2024-11-17 13:15:00+00:00,90868.1796875,90868.1796875,90868.1796875,90868.1796875,26185728,0.0,0.0,90878.7421875,90950.31722928738,29.178090978783253,29.03779891348709,-14.353332097103703,12.623738762556872,-26.977070859660575,90829.07722423167,91193.51886951833
2024-11-17 13:17:00+00:00,90762.78125,90762.78125,90762.78125,90762.78125,0,0.0,0.0,90854.690625,90932.45665983144,17.955417795774963,34.49213072895592,-27.00244736719469,4.69850153660656,-31.70094890380125,90787.67463829562,91200.77614295438
2024-11-17 13:18:00+00:00,90737.5625,90737.5625,90737.5625,90737.5625,0,0.0,0.0,90828.8359375,90913.89531127606,16.214496700061336,33.82974633615853,-38.61675480254053,-3.9645497312228573,-34.65220507131767,90747.68195720608,91204.12351154393
2024-11-17 13:19:00+00:00,90713.015625,90713.015625,90713.015625,90713.015625,0,0.0,0.0,90791.359375,90894.7639125831,14.60628643350623,33.166684046724015,-49.23436171283538,-13.018512127545362,-36.215849585290016,90710.11802348244,91201.33744526756
2024-11-17 13:21:00+00:00,90712.8203125,90712.8203125,90712.8203125,90712.8203125,7589888,0.0,0.0,90758.871875,90877.43595067043,14.592850739153393,30.81158591044196,-57.00750474269444,-21.81631065057518,-35.19119409211926,90679.62568935337,91191.82743564663
2024-11-17 13:23:00+00:00,90686.859375,90686.859375,90686.859375,90686.859375,0,0.0,0.0,90722.6078125,90859.28580060658,12.771111835946343,30.465111000941558,-64.51887387158058,-30.356823294776262,-34.16205057680432,90648.16116457197,91182.78883542804
2024-11-17 13:24:00+00:00,90730.1328125,90730.1328125,90730.1328125,90730.1328125,9752576,0.0,0.0,90716.078125,90846.985516025,29.81087752846462,31.379991521653107,-66.21657975466223,-37.52877458675346,-28.687805167908778,90631.11423639656,91163.87170110343
2024-11-17 13:25:00+00:00,90679.4765625,90679.4765625,90679.4765625,90679.4765625,0,0.0,0.0,90704.4609375,90831.03228235595,23.532701384809467,32.756867206197285,-70.83304071998282,-44.18962781339933,-26.643412906583485,90605.99355678316,91152.12441196686
2024-11-17 13:27:00+00:00,90730.2890625,90730.2890625,90730.2890625,90730.2890625,14876672,0.0,0.0,90707.915625,90821.43768998871,38.65233003074543,34.04655533156419,-69.58929314899433,-49.269560880518334,-20.319732268475995,90594.95476454464,91130.70773545536
2024-11-17 13:28:00+00:00,90756.59375,90756.59375,90756.59375,90756.59375,0,0.0,0.0,90716.6703125,90815.26207665645,45.196883312042715,33.493564744827,-65.72342703895993,-52.560334112206654,-13.163092926753272,90592.9808140497,91101.5918422003
2024-11-17 13:30:00+00:00,90738.1875,90738.1875,90738.1875,90738.1875,19369984,0.0,0.0,90726.9359375,90807.9216407844,41.57608383306367,32.41589935643689,-63.41393447938026,-54.731054185641376,-8.682880293738883,90593.12576021027,91068.84377103974
2024-11-17 13:31:00+00:00,90751.4453125,90751.4453125,90751.4453125,90751.4453125,0,0.0,0.0,90731.1984375,90802.54294285255,45.26114770352437,31.047464522641786,-59.82423379049578,-55.74969010661226,-4.074543683883519,90599.36105085083,91032.20535539917
2024-11-17 13:33:00+00:00,90741.28125,90741.28125,90741.28125,90741.28125,0,0.0,0.0,90743.559375,90796.70849591421,42.84408734863574,29.55579289054919,-57.140840985332034,-56.02792028235622,-1.1129207029758135,90608.2802921669,90993.51970783308
2024-11-17 13:36:00+00:00,90584.390625,90584.390625,90584.390625,90584.390625,0,0.0,0.0,90714.3796875,90776.48774630333,21.840315397529018,38.651138375540384,-66.9027814828878,-58.20289252246254,-8.699888960425262,90593.32431199486,90964.33350050513
2024-11-17 13:37:00+00:00,90706.921875,90706.921875,90706.921875,90706.921875,7905280,0.0,0.0,90704.4453125,90769.86242522682,45.973317829579635,44.642575124640466,-64.01402795268223,-59.36511960850648,-4.648908344175744,90591.3548334717,90945.6162602783
2024-11-17 13:39:00+00:00,90659.34375,90659.34375,90659.34375,90659.34375,18530304,0.0,0.0,90688.6765625,90759.33683710998,40.33194305310645,44.85225726524026,-64.8166609081818,-60.45542786844155,-4.361233039740256,90590.63156212715,90917.84968787286
2024-11-17 13:40:00+00:00,90388.25,90388.25,90388.25,90388.25,6410240,0.0,0.0,90616.0375,90723.9952335757,22.212714307129282,61.01236436473686,-86.33256523619639,-65.63085534199251,-20.701709894203873,90510.88785273011,90948.1144910199
2024-11-17 13:42:00+00:00,90666.0546875,90666.0546875,90666.0546875,90666.0546875,66396160,0.0,0.0,90600.9921875,90718.47708633039,49.393569712296895,76.49753072614034,-80.04485064718756,-68.51365440303152,-11.531196244156035,90508.69784316725,90930.22637558276
2024-11-17 13:43:00+00:00,90614.3046875,90614.3046875,90614.3046875,90614.3046875,18898944,0.0,0.0,90606.975,90708.5559054894,45.90735338214812,74.72984991513167,-78.33459163132648,-70.47784184869052,-7.8567497826359585,90506.99812918293,90903.31671456707
2024-11-17 13:45:00+00:00,90495.9609375,90495.9609375,90495.9609375,90495.9609375,113098752,0.0,0.0,90564.7828125,90688.30876568088,38.632581062710955,77.84512856602748,-85.54247027552628,-73.49076753405767,-12.051702741468617,90484.21671490565,90888.16844134436
2024-11-17 13:47:00+00:00,90506.515625,90506.515625,90506.515625,90506.515625,113971200,0.0,0.0,90534.2171875,90670.99513323508,39.62803079431216,73.0386683847178,-89.37285630416591,-76.66718528807932,-12.705671016086583,90469.81882988173,90866.39992011827
2024-11-17 13:48:00+00:00,90499.6015625,90499.6015625,90499.6015625,90499.6015625,5697536,0.0,0.0,90556.4875,90654.6719360222,39.14277823473757,68.31548215413389,-91.90692605533695,-79.71513344153085,-12.1917926138061,90448.76375527808,90861.13702597193
2024-11-17 13:49:00+00:00,90524.65625,90524.65625,90524.65625,90524.65625,479232,0.0,0.0,90528.2078125,90642.28948973438,42.138211676719976,65.22542533482783,-90.84627143239777,-81.94136103970423,-8.904910392693537,90434.3288928659,90854.28126338411
2024-11-17 13:50:00+00:00,90529.671875,90529.671875,90529.671875,90529.671875,52166656,0.0,0.0,90511.28125,90631.56400261683,42.795806336823766,60.92472523557072,-88.579882238555,-83.26906527947439,-5.310816959080611,90421.97650699584,90848.29927425417
2024-11-17 13:51:00+00:00,90568.2265625,90568.2265625,90568.2265625,90568.2265625,0,0.0,0.0,90525.734375,90625.53186546284,48.08686526604985,59.326865371323336,-82.71917623496847,-83.15908747057321,0.43991123560473966,90415.97138381809,90839.84502243191
2024-11-17 13:52:00+00:00,90563.8203125,90563.8203125,90563.8203125,90563.8203125,5033984,0.0,0.0,90537.1953125,90619.65457470447,47.50105534101856,55.40396421411609,-77.53628205854329,-82.03452638816724,4.498244329623944,90409.87837791142,90833.6341220886
2024-11-17 13:54:00+00:00,90534.65625,90534.65625,90534.65625,90534.65625,17707008,0.0,0.0,90544.20625,90611.5594961612,43.41679261177077,53.52968549396181,-74.91848354927788,-80.61131782038937,5.692834271111494,90402.98886227072,90820.97598147928
2024-11-17 13:55:00+00:00,90541.46875,90541.46875,90541.46875,90541.46875,1429504,0.0,0.0,90547.56875,90604.88418700299,44.712312611117234,50.19274362950339,-71.47028262550884,-78.78311078141327,7.312828155904427,90396.3448994946,90813.8191630054
2024-11-17 13:57:00+00:00,90487.1015625,90487.1015625,90487.1015625,90487.1015625,7979008,0.0,0.0,90539.0546875,90593.66679419318,36.855654880648004,50.490918195287826,-72.29120816812792,-77.4847302587562,5.193522090628278,90386.45642017658,90799.38889232342
2024-11-17 13:58:00+00:00,90489.609375,90489.609375,90489.609375,90489.609375,0,0.0,0.0,90523.33125,90583.75656379382,37.447165681349354,47.06355346427765,-71.91049859988561,-76.36988392698208,4.45938532709647,90382.86913784171,90776.27773715829
2024-11-17 14:00:00+00:00,90484.8671875,90484.8671875,90484.8671875,90484.8671875,19685376,0.0,0.0,90507.540625,90574.33852795632,36.68894797385642,44.040598721020345,-71.17102317063836,-75.33011177571335,4.1590886050749845,90380.32489244078,90753.48995130922
2024-11-17 14:01:00+00:00,90545.8515625,90545.8515625,90545.8515625,90545.8515625,0,0.0,0.0,90509.7796875,90571.62548362715,51.44045068524259,45.250868466952326,-64.91574586088245,-73.24723859274717,8.331492731864714,90390.29019917254,90722.96526957746
2024-11-17 14:02:00+00:00,90561.90625,90561.90625,90561.90625,90561.90625,0,0.0,0.0,90513.8671875,90570.69984232933,54.68342759179231,43.16542695056175,-57.99439117818838,-70.19666910983541,12.202277931647032,90404.36693962062,90690.95102912937
2024-11-17 14:03:00+00:00,90588.0703125,90588.0703125,90588.0703125,90588.0703125,0,0.0,0.0,90534.0609375,90572.35417282177,59.78920606228741,41.951043765382515,-49.82361097175453,-66.12205748221923,16.2984465104647,90404.35343222399,90691.33250527602
2024-11-17 14:04:00+00:00,90606.921875,90606.921875,90606.921875,90606.921875,3444736,0.0,0.0,90557.5234375,90575.64633493398,63.26807133552036,40.30108080506332,-41.350383761920966,-61.16772273815958,19.817338976238617,90415.85442264267,90669.83151485733
2024-11-17 14:06:00+00:00,90663.2109375,90663.2109375,90663.2109375,90663.2109375,11022336,0.0,0.0,90593.1921875,90583.98582089265,71.77469256945068,41.443079505780105,-29.750290406504064,-54.884236271828485,25.13394586532442,90415.32906730993,90670.74358894008
2024-11-17 14:07:00+00:00,90704.9296875,90704.9296875,90704.9296875,90704.9296875,0,0.0,0.0,90625.0078125,90595.50428437906,76.48376361051825,41.46277025549887,-16.994872074967134,-47.306363432456216,30.311491357489082,90433.34575431638,90684.39487068362
2024-11-17 14:09:00+00:00,90640.5703125,90640.5703125,90640.5703125,90640.5703125,10522624,0.0,0.0,90640.740625,90599.79628705724,58.821074176112916,43.09824203311517,-11.94171814485162,-40.2334343749353,28.29171623008368,90435.9934616869,90679.19872581311
2024-11-17 14:10:00+00:00,90640.6953125,90640.6953125,90640.6953125,90640.6953125,1351680,0.0,0.0,90651.265625,90603.6914323375,58.842610936841815,40.02872472734294,-7.836634944396792,-33.7540744888276,25.917439544430806,90434.34372373753,90683.48752626246
2024-11-17 14:12:00+00:00,90581.8828125,90581.8828125,90581.8828125,90581.8828125,0,0.0,0.0,90646.2578125,90601.6144209244,45.71770480602752,41.37042296828526,-9.222690728143789,-28.847797736690836,19.625107008547047,90441.73261477407,90684.69082272593
2024-11-17 14:14:00+00:00,90657.4765625,90657.4765625,90657.4765625,90657.4765625,0,0.0,0.0,90645.1109375,90606.93462488397,59.32319382564132,43.81494633984261,-4.173259325340041,-23.91289005442068,19.739630729080638,90445.60560708273,90695.91392416727
2024-11-17 14:15:00+00:00,90665.375,90665.375,90665.375,90665.375,0,0.0,0.0,90637.2,90612.50037489503,60.52915806414578,41.2494814108715,0.46048119623446837,-19.03821580428965,19.498697000524118,90451.90102063522,90706.19585436476
2024-11-17 14:17:00+00:00,90646.5859375,90646.5859375,90646.5859375,90646.5859375,28139520,0.0,0.0,90638.403125,90615.74661895265,55.92740835999633,39.645165767505695,2.5868144402338658,-14.713209755384947,17.30002419561881,90457.3233356797,90712.96650807031
2024-11-17 14:18:00+00:00,90610.828125,90610.828125,90610.828125,90610.828125,0,0.0,0.0,90632.4296875,90615.27819095715,47.85030418504771,39.367497675864676,1.3707906064373674,-11.496409683020484,12.867200289457852,90463.54857357252,90714.85689517747
2024-11-17 14:19:00+00:00,90525.96875,90525.96875,90525.96875,90525.96875,0,0.0,0.0,90621.246875,90606.77252991361,34.182236074810255,42.61691749673805,-6.366964996734168,-10.470520745763222,4.103555749029054,90458.70441506557,90715.47527243443
2024-11-17 14:21:00+00:00,90549.8125,90549.8125,90549.8125,90549.8125,0,0.0,0.0,90599.7140625,90601.34776515992,39.81749899701429,41.27597695665591,-10.454685597549542,-10.467353716120487,0.012668118570944742,90457.35270655695,90715.42619969304
2024-11-17 14:24:00+00:00,90377.2109375,90377.2109375,90377.2109375,90377.2109375,0,0.0,0.0,90542.08125,90580.00140062088,23.10829154466399,50.65637595392343,-27.306959594236105,-13.83527489174361,-13.471684702492494,90421.61448797162,90735.41988702837
2024-11-17 14:25:00+00:00,90367.8203125,90367.8203125,90367.8203125,90367.8203125,7098368,0.0,0.0,90486.328125,90559.7936779427,22.50873583628423,47.70882230563739,-40.9482274310285,-19.25786539960059,-21.69036203142791,90388.39321414477,90751.27631710522
2024-11-17 14:27:00+00:00,90288.03125,90288.03125,90288.03125,90288.03125,2973696,0.0,0.0,90421.76875,90533.91154194815,17.90397717457076,50.00026804010098,-57.53412342928641,-26.913117005537753,-30.621006423748657,90342.99779186124,90776.76470813877
2024-11-17 14:28:00+00:00,90339.421875,90339.421875,90339.421875,90339.421875,1646592,0.0,0.0,90384.459375,90515.38871652453,28.84261134148376,50.099579251775666,-65.77357472787844,-34.685208550005896,-31.088366177872544,90316.69049795772,90788.05325204227
2024-11-17 14:30:00+00:00,90148.171875,90148.171875,90148.171875,90148.171875,32825344,0.0,0.0,90304.13125,90480.41568399838,18.272134219494944,60.18175218624447,-86.73583913870971,-45.09533466774666,-41.640504470963045,90241.97923504173,90829.09498370827
2024-11-17 14:31:00+00:00,90004.5,90004.5,90004.5,90004.5,5894144,0.0,0.0,90229.5890625,90435.09038076043,13.829940994864046,66.14533240034379,-113.63182733365102,-58.80263320092754,-54.82919413272348,90134.80602599574,90882.13303650425
2024-11-17 14:33:00+00:00,90043.25,90043.25,90043.25,90043.25,35135488,0.0,0.0,90164.675,90397.77224925943,19.953412845154208,64.18852293917985,-130.31806506661815,-73.10571957406566,-57.21234549255249,90058.68637019355,90906.38706730644
2024-11-17 14:36:00+00:00,90217.0546875,90217.0546875,90217.0546875,90217.0546875,180088832,0.0,0.0,90150.4796875,90380.5610529014,41.650995601531974,72.01824899408743,-128.0414606971026,-84.09286779867305,-43.94859289842954,90027.93403011642,90900.03784488357
2024-11-17 14:37:00+00:00,90228.375,90228.375,90228.375,90228.375,21274624,0.0,0.0,90128.2703125,90366.06714310126,42.828577846934266,67.68268209401757,-123.8955894879764,-92.05341213653372,-31.842177351442672,90002.65080121547,90887.46638628453
2024-11-17 14:39:00+00:00,90327.328125,90327.328125,90327.328125,90327.328125,216977408,0.0,0.0,90164.1015625,90362.3777128059,52.58687926036545,69.91628516238308,-111.34178766330297,-95.91108724188757,-15.430700421415395,89994.84723392893,90861.68167232106
2024-11-17 14:40:00+00:00,90332.0,90332.0,90332.0,90332.0,16646144,0.0,0.0,90229.6015625,90359.48459730057,53.028488607812676,65.25597014370788,-99.86465047686943,-96.70179988888395,-3.1628505879854742,89993.68004191208,90825.55589558791
2024-11-17 14:42:00+00:00,90249.5703125,90249.5703125,90249.5703125,90249.5703125,41357312,0.0,0.0,90270.865625,90349.01657017671,44.49724954738355,66.48266424231551,-96.31012033962179,-96.62346397903153,0.3133436394097373,89982.7219212428,90797.41401625719
2024-11-17 14:43:00+00:00,90218.8515625,90218.8515625,90218.8515625,90218.8515625,0,0.0,0.0,90271.225,90336.61990277893,41.58827171917918,63.92809893594838,-94.8781794020033,-96.27440706362589,1.3962276616225893,89972.1742195187,90765.77734298131
2024-11-17 14:45:00+00:00,90259.09375,90259.09375,90259.09375,90259.09375,40062976,0.0,0.0,90277.36875,90329.23645965713,46.89434056029219,62.23624811703806,-89.46485254884465,-94.91249616066965,5.447643611825001,89965.84991625644,90739.82273999357
2024-11-17 14:46:00+00:00,90275.4453125,90275.4453125,90275.4453125,90275.4453125,0,0.0,0.0,90266.9921875,90324.1134932612,49.086781214103915,58.95877056926395,-82.89970142403035,-92.50993721334179,9.610235789311432,89971.88432194552,90695.5852093045
2024-11-17 14:48:00+00:00,90296.5078125,90296.5078125,90296.5078125,90296.5078125,32120832,0.0,0.0,90259.89375,90321.48438080776,52.061003531352256,56.25189409719327,-75.13113913052075,-89.03417759677758,13.903038466256831,89986.87820041405,90643.70461208596
2024-11-17 14:50:00+00:00,90271.578125,90271.578125,90271.578125,90271.578125,6971392,0.0,0.0,90264.2953125,90316.73140406416,48.174874871672216,54.014593623787405,-70.17715640335518,-85.26277335809311,15.08561695473793,90005.19949424948,90587.88253700052
2024-11-17 14:51:00+00:00,90305.1484375,90305.1484375,90305.1484375,90305.1484375,0,0.0,0.0,90281.5546875,90315.62826439139,53.61453643026488,52.554287827911246,-62.818117584014544,-80.77384220327741,17.955724619262867,90027.8699331524,90534.64412934761
2024-11-17 14:52:00+00:00,90289.734375,90289.734375,90289.734375,90289.734375,0,0.0,0.0,90287.6828125,90313.16217968744,50.76046005115973,49.90141458797673,-57.56622471890296,-76.13231870640253,18.56609398749957,90042.10292160971,90496.78770339029
2024-11-17 14:54:00+00:00,90286.1484375,90286.1484375,90286.1484375,90286.1484375,0,0.0,0.0,90289.8234375,90310.58944233625,50.037505367571384,46.59316622197152,-53.081526181078516,-71.52216020133773,18.44063402025921,90068.31524925544,90444.20896949458
2024-11-17 14:55:00+00:00,90295.484375,90295.484375,90295.484375,90295.484375,0,0.0,0.0,90289.61875,90309.1508644947,52.10926349618,43.93193559704766,-48.21820865222253,-66.8613698915147,18.64316123929217,90071.51260476455,90432.83895773545
2024-11-17 14:57:00+00:00,90281.734375,90281.734375,90281.734375,90281.734375,10375168,0.0,0.0,90291.65,90306.5397702571,48.64340776202389,41.77608305295268,-44.95528798257874,-62.48015350972751,17.52486552714877,90074.47861825083,90421.26435049919
2024-11-17 14:58:00+00:00,90284.375,90284.375,90284.375,90284.375,0,0.0,0.0,90287.4953125,90304.42883975642,49.39748951493609,38.98069319028318,-41.67590953220497,-58.319304714223,16.643395182018033,90074.45792311283,90420.91942063718
2024-11-17 15:00:00+00:00,90290.75,90290.75,90290.75,90290.75,0,0.0,0.0,90287.6984375,90303.12609311295,51.40711516121016,36.651715103913496,-38.12310978297319,-54.28006572797304,16.15695594499985,90075.92385747326,90414.58629877675
2024-11-17 15:01:00+00:00,90331.28125,90331.28125,90331.28125,90331.28125,225280,0.0,0.0,90296.725,90305.807536626,62.46429309692901,36.92882473949734,-31.671863714116625,-49.758425325201756,18.08656161108513,90087.279333037,90421.54176071301
2024-11-17 15:02:00+00:00,90311.21875,90311.21875,90311.21875,90311.21875,0,0.0,0.0,90299.871875,90306.32289028067,55.20946692450047,35.72408725750278,-27.85696307652688,-45.37813287546678,17.5211697989399,90146.67554213632,90392.81742661369
2024-11-17 15:03:00+00:00,90207.0234375,90207.0234375,90207.0234375,90207.0234375,0,0.0,0.0,90284.9296875,90296.86579953965,32.40508616816521,40.61488906280723,-32.86249932255305,-42.87500616488404,10.012506842330993,90204.41683152606,90351.45348097393
2024-11-17 15:04:00+00:00,90187.5078125,90187.5078125,90187.5078125,90187.5078125,0,0.0,0.0,90265.55625,90286.45075315492,29.722401094525488,39.10779877195748,-37.966516332147876,-41.89330819833681,3.9267918661889354,90197.14609522893,90355.76952977106
2024-11-17 15:06:00+00:00,90254.1484375,90254.1484375,90254.1484375,90254.1484375,0,0.0,0.0,90258.2359375,90283.37434214016,47.15203205782442,41.07442921760434,-36.216661951257265,-40.7579789489209,4.541316997663635,90200.79938523102,90354.693583519
2024-11-17 15:07:00+00:00,90307.90625,90307.90625,90307.90625,90307.90625,0,0.0,0.0,90253.5609375,90285.71071431729,57.152980910480615,41.9803851666834,-30.144595419769757,-38.63530224309067,8.490706823320913,90201.89322686428,90351.65755438572
2024-11-17 15:09:00+00:00,90237.8046875,90237.8046875,90237.8046875,90237.8046875,0,0.0,0.0,90238.878125,90281.1482355728,44.37678304649559,43.98904069118453,-30.63589761967887,-37.03542131840831,6.399523698729439,90199.86865467015,90344.26259532986
2024-11-17 15:10:00+00:00,90248.78125,90248.78125,90248.78125,90248.78125,0,0.0,0.0,90247.2296875,90278.06566551824,46.55911991712495,41.631006533916135,-29.796070737895207,-35.58755120230569,5.791480464410483,90199.7792279566,90344.27311579339
2024-11-17 15:12:00+00:00,90419.7109375,90419.7109375,90419.7109375,90419.7109375,0,0.0,0.0,90293.6703125,90291.55569142126,68.79899083741928,50.86662660566875,-15.163113685353892,-31.50266369891533,16.33955001356144,90189.26382718128,90374.87445406872
2024-11-17 15:13:00+00:00,90439.6796875,90439.6796875,90439.6796875,90439.6796875,3543040,0.0,0.0,90330.7765625,90305.66273866686,70.4737308837411,48.659635418940084,-1.9327984597330214,-25.58869065107887,23.65589219134585,90176.42779357784,90405.76908142216
2024-11-17 15:14:00+00:00,90386.890625,90386.890625,90386.890625,90386.890625,0,0.0,0.0,90346.5734375,90313.39872784144,60.46413651385114,48.954594496234286,4.243766015715664,-19.622199317719964,23.86596533343563,90174.96868763844,90418.37271861156
2024-11-17 15:15:00+00:00,90396.3046875,90396.3046875,90396.3046875,90396.3046875,0,0.0,0.0,90378.2734375,90321.2945335232,61.598918893355886,46.13027078154505,9.785572046152083,-13.740645044945555,23.52621709109764,90172.44302765759,90430.87806609242
2024-11-17 15:17:00+00:00,90369.1171875,90369.1171875,90369.1171875,90369.1171875,0,0.0,0.0,90402.340625,90325.84907199719,56.16713351090514,44.77721572542124,11.847122958366526,-8.623091444283139,20.470214402649667,90174.88979649829,90438.18520350172
2024-11-17 15:18:00+00:00,90415.09375,90415.09375,90415.09375,90415.09375,0,0.0,0.0,90401.4171875,90334.34856514032,62.66281977814242,44.86288335219445,16.99493423764943,-3.4994863078966247,20.494420545546056,90172.15358710641,90451.91594414358
2024-11-17 15:19:00+00:00,90401.0390625,90401.0390625,90401.0390625,90401.0390625,0,0.0,0.0,90393.6890625,90340.70004107934,59.51724871452795,42.66229793376104,19.713273596193176,1.1430656729213355,18.57020792327184,90172.93573953051,90462.2642604695
2024-11-17 15:21:00+00:00,90360.53125,90360.53125,90360.53125,90360.53125,0,0.0,0.0,90388.4171875,90342.58872764322,50.92198376695051,42.50840611703658,18.38698151418066,4.591848841173201,13.79513267300746,90176.25640068878,90466.38188056121
2024-11-17 15:22:00+00:00,90363.6875,90363.6875,90363.6875,90363.6875,0,0.0,0.0,90381.89375,90344.59813453435,51.55792726688611,39.69753782250048,17.390106162027223,7.151500305344006,10.238605856683218,90179.05084820311,90470.40774554688
2024-11-17 15:24:00+00:00,90369.2109375,90369.2109375,90369.2109375,90369.2109375,0,0.0,0.0,90381.9125,90346.94221100726,52.80645718060563,37.25653065623499,16.851516713330057,9.091503586941217,7.76001312638884,90183.59814389383,90474.60810610616
2024-11-17 15:25:00+00:00,90364.9453125,90364.9453125,90364.9453125,90364.9453125,0,0.0,0.0,90371.8828125,90348.65679210181,51.60802491843715,34.90003739474135,15.89722706876637,10.452648283306248,5.444578785460122,90188.34353606564,90477.91974518435
2024-11-17 15:26:00+00:00,90351.4609375,90351.4609375,90351.4609375,90351.4609375,0,0.0,0.0,90361.9671875,90348.92385356831,47.62209299044557,33.370347223487066,13.89272262279701,11.1406631512044,2.7520594715926094,90192.51939261633,90479.81498238367
2024-11-17 15:27:00+00:00,90340.4609375,90340.4609375,90340.4609375,90340.4609375,0,0.0,0.0,90357.953125,90348.11786156181,44.361283718756596,31.772465278756997,11.286427428683965,11.169816006700314,0.11661142198365049,90192.98509457093,90480.26724917907
2024-11-17 15:28:00+00:00,90363.6875,90363.6875,90363.6875,90363.6875,0,0.0,0.0,90357.953125,90349.6006842702,52.39170913846595,31.162043651633653,10.968669200505246,11.129586645461302,-0.16091744495605553,90195.64395116294,90482.85526758705
